/*
SQLyog Ultimate v10.00 Beta1
MySQL - 5.7.23 : Database - project_portal
*********************************************************************
*/

/*!40101 SET NAMES utf8 */;

/*!40101 SET SQL_MODE=''*/;

/*!40014 SET @OLD_UNIQUE_CHECKS=@@UNIQUE_CHECKS, UNIQUE_CHECKS=0 */;
/*!40014 SET @OLD_FOREIGN_KEY_CHECKS=@@FOREIGN_KEY_CHECKS, FOREIGN_KEY_CHECKS=0 */;
/*!40101 SET @OLD_SQL_MODE=@@SQL_MODE, SQL_MODE='NO_AUTO_VALUE_ON_ZERO' */;
/*!40111 SET @OLD_SQL_NOTES=@@SQL_NOTES, SQL_NOTES=0 */;
CREATE DATABASE /*!32312 IF NOT EXISTS*/`project_portal` /*!40100 DEFAULT CHARACTER SET utf8 */;

USE `project_portal`;

/*Table structure for table `email` */

DROP TABLE IF EXISTS `email`;

CREATE TABLE `email` (
  `id` bigint(20) NOT NULL COMMENT '序号，主键',
  `email` varchar(100) DEFAULT NULL COMMENT '邮箱地址',
  `type` char(1) DEFAULT NULL COMMENT '类型，1：注册，2：找回密码',
  `token` varchar(50) DEFAULT NULL COMMENT '令牌',
  `code` varchar(20) DEFAULT NULL COMMENT '验证码',
  `createuser` varchar(50) DEFAULT NULL COMMENT '创建人',
  `createdate` datetime DEFAULT NULL COMMENT '创建时间',
  `updateuser` varchar(50) DEFAULT NULL COMMENT '修改人',
  `updatedate` datetime DEFAULT NULL COMMENT '修改时间',
  `ordernum` int(11) DEFAULT NULL COMMENT '排序号',
  `state` char(1) DEFAULT NULL COMMENT '状态，0：无效，1：有效',
  PRIMARY KEY (`id`)
) ENGINE=InnoDB DEFAULT CHARSET=utf8 COMMENT='邮件发送记录';

/*Data for the table `email` */

insert  into `email`(`id`,`email`,`type`,`token`,`code`,`createuser`,`createdate`,`updateuser`,`updatedate`,`ordernum`,`state`) values (274225995036102656,'992425124@qq.com','1','52bdb330-0502-4366-b7af-a6eef0f2069b','686523',NULL,'2019-01-27 17:16:19',NULL,'2019-01-27 17:16:19',NULL,'0'),(274227446185730048,'992425124@qq.com','1','0d582106-6998-432b-84c3-6e02a4c1180b','232910',NULL,'2019-01-27 17:22:03',NULL,'2019-01-27 17:22:03',NULL,'0');

/*Table structure for table `project` */

DROP TABLE IF EXISTS `project`;

CREATE TABLE `project` (
  `id` bigint(20) NOT NULL COMMENT '序号，主键',
  `project_name` varchar(200) DEFAULT NULL COMMENT '项目名称',
  `project_desc` varchar(400) DEFAULT NULL COMMENT '项目描述',
  `project_url` varchar(200) DEFAULT NULL COMMENT '项目地址',
  `project_image` varchar(200) DEFAULT NULL COMMENT '项目图片地址',
  `create_date` datetime DEFAULT NULL COMMENT '创建时间',
  `status` char(1) DEFAULT NULL COMMENT '状态，0：禁用，启用',
  `order_num` int(11) DEFAULT NULL COMMENT '排序号',
  `bg_color` varchar(20) DEFAULT NULL COMMENT '背景颜色',
  `official` char(1) DEFAULT NULL COMMENT '是否官方项目，0：否，1：是',
  `create_user_id` bigint(20) DEFAULT NULL COMMENT '创建用户ID',
  PRIMARY KEY (`id`)
) ENGINE=InnoDB DEFAULT CHARSET=utf8 COMMENT='项目';

/*Data for the table `project` */

insert  into `project`(`id`,`project_name`,`project_desc`,`project_url`,`project_image`,`create_date`,`status`,`order_num`,`bg_color`,`official`,`create_user_id`) values (272493379261714432,'jenkins','jenkins','jenkins','20190213/28042846175879577620190213200235392.png','2019-01-22 22:31:24','0',10,'#d33833','1',NULL),(272824180742668288,'Gitlab','Gitlab代码仓库','http://47.106.230.123:82','20190213/28042807396603084820190213200102935.png','2019-01-23 20:25:54','1',20,'#f75140','1',NULL),(272824795036237824,'程序分享平台','分享一些实用小程序','http://www.chengxuunion.com/','20190213/28042813926295552020190213200118503.png','2019-01-23 20:28:20','1',30,'#aefee8','1',NULL),(272825229087981568,'代码生成平台','根据模版生成代码','http://47.106.230.123:84/','20190213/28042842265529958420190213200226069.jpg','2019-01-23 20:30:03','1',40,'#0F6AD7','1',NULL),(272825470281433088,'nexus','maven仓库','http://47.106.230.123:81/','20190213/28042820805792972820190213200134905.png','2019-01-23 20:31:01','1',50,'#73AD5B','1',NULL),(272827019871240192,'Docker管理','Docker管理系统，使用Docker REST API服务进行管理','http://xxxx','20190213/28030380283215872020190213114714388.png','2019-01-23 20:37:10','0',60,'#4d9fd7','1',NULL),(272827455491653632,'禅道','bug管理','http://xxx','20190123/27282745545809920020190123203854270.png','2019-01-23 20:38:54','0',70,'#70B4DD','1',NULL),(272828829302374400,'Redis管理系统','Redis管理系统','http://xxx','20190123/27282882926462566420190123204421811.png','2019-01-23 20:44:22','0',80,'#D92B21','1',NULL),(280624225109774336,'多智云单点登录系统','单点登录系统测试版\nadmin/123456','http://192.168.5.202:12200/gs-sso-server/admin/admin','20190214/28062422498813952020190214090028983.png','2019-02-14 09:00:29','1',10,'#00ACEC','0',274227531636285440),(280624587640246272,'多对多智慧家庭应用系统','多对多智慧家庭应用系统，后台管理系统\nadmin/123456','http://192.168.5.203:8988/','20190214/28062458751441715220190214090155416.png','2019-02-14 09:01:55','1',20,'#04ABDF','0',274227531636285440),(280626074227412992,'Gitblit','代码仓库\nyoupanpan/ypp123','http://192.168.5.201:10010/','20190214/28062607407222374420190214090749839.png','2019-02-14 09:07:50','1',30,'#002060','0',274227531636285440),(280626666572189696,'禅道','项目管理\nypp/123456asd','http://pms.dzy.com.cn','20190214/28062666646733209620190214091011077.png','2019-02-14 09:10:11','1',40,'#0095FF','0',274227531636285440),(280627415427420160,'jenkins','自动化部署\nroot/GSshenzhen2018','http://localhost:8080/','20190214/28062741533095116820190214091309620.png','2019-02-14 09:13:10','1',50,'#D33833','0',274227531636285440),(280628972936073216,'nexus','maven私库','http://maven.cn:9099/','20190214/28062897279346688020190214091920948.png','2019-02-14 09:19:21','1',60,'#72AA59','0',274227531636285440),(280691597392842752,'Shipyard','Docker管理平台\nadmin/shipyard','http://192.168.5.162:8082','20190214/28069159724604211220190214132811781.jpg','2019-02-14 13:28:12','1',70,'#0489B8','0',274227531636285440),(282102105513758720,'程序员客栈','程序员客栈','https://www.proginn.com/','20190218/28210210540051251220190218105303131.jpg','2019-02-18 10:53:03','1',80,'#566786','0',274227531636285440);

/*Table structure for table `role` */

DROP TABLE IF EXISTS `role`;

CREATE TABLE `role` (
  `id` bigint(20) NOT NULL COMMENT '序号，主键',
  `role_code` varchar(50) DEFAULT NULL COMMENT '角色标识符',
  `role_name` varchar(50) DEFAULT NULL COMMENT '角色名称',
  `role_desc` varchar(400) DEFAULT NULL COMMENT '角色描述',
  `create_date` datetime DEFAULT NULL COMMENT '创建时间',
  `update_date` datetime DEFAULT NULL COMMENT '修改时间',
  `create_user_id` bigint(20) DEFAULT NULL COMMENT '创建人',
  PRIMARY KEY (`id`)
) ENGINE=InnoDB DEFAULT CHARSET=utf8 COMMENT='角色';

/*Data for the table `role` */

insert  into `role`(`id`,`role_code`,`role_name`,`role_desc`,`create_date`,`update_date`,`create_user_id`) values (270238115263029248,'admin','系统管理员','最高权限','2019-01-16 17:09:47','2019-01-16 17:12:21',270222414519996416),(270240164440580096,'developer','开发人员','技术人员','2019-01-16 17:17:56','2019-01-16 17:17:56',270222414519996416);

/*Table structure for table `role_url` */

DROP TABLE IF EXISTS `role_url`;

CREATE TABLE `role_url` (
  `id` bigint(20) NOT NULL COMMENT '序号，主键',
  `role_id` bigint(20) DEFAULT NULL COMMENT '角色ID',
  `url_id` bigint(20) DEFAULT NULL COMMENT 'URL ID',
  `create_date` datetime DEFAULT NULL COMMENT '创建时间',
  `create_user_id` bigint(20) DEFAULT NULL COMMENT '创建用户ID',
  PRIMARY KEY (`id`)
) ENGINE=InnoDB DEFAULT CHARSET=utf8 COMMENT='角色URL';

/*Data for the table `role_url` */

insert  into `role_url`(`id`,`role_id`,`url_id`,`create_date`,`create_user_id`) values (280420596209770496,270240164440580096,280406307939901440,'2019-02-13 19:31:20',NULL),(280420596209770497,270240164440580096,280415513074032640,'2019-02-13 19:31:20',NULL),(280420596209770498,270240164440580096,280414193080426496,'2019-02-13 19:31:20',NULL),(280420596209770499,270240164440580096,280415865781444608,'2019-02-13 19:31:20',NULL),(280420596209770500,270240164440580096,280414358910623744,'2019-02-13 19:31:20',NULL),(280420596209770501,270240164440580096,280416105636913152,'2019-02-13 19:31:20',NULL),(280420596209770502,270240164440580096,280416457677430784,'2019-02-13 19:31:20',NULL),(280420596209770503,270240164440580096,280414988169469952,'2019-02-13 19:31:20',NULL),(280420596209770504,270240164440580096,280417005717774336,'2019-02-13 19:31:20',NULL),(280420596209770505,270240164440580096,280417192272027648,'2019-02-13 19:31:20',NULL),(280420596209770506,270240164440580096,280417365278679040,'2019-02-13 19:31:20',NULL),(280420596209770507,270240164440580096,280418032185597952,'2019-02-13 19:31:20',NULL),(280420596209770508,270240164440580096,280418188305981440,'2019-02-13 19:31:20',NULL),(280425968534409216,270238115263029248,273056985409646592,'2019-02-13 19:52:41',NULL),(280425968534409217,270238115263029248,280405710310301696,'2019-02-13 19:52:41',NULL),(280425968534409218,270238115263029248,270512704106876928,'2019-02-13 19:52:41',NULL),(280425968534409219,270238115263029248,272312711143796736,'2019-02-13 19:52:41',NULL),(280425968534409220,270238115263029248,280418469164965888,'2019-02-13 19:52:41',NULL),(280425968534409221,270238115263029248,280406107393449984,'2019-02-13 19:52:41',NULL),(280425968534409222,270238115263029248,280406307939901440,'2019-02-13 19:52:41',NULL),(280425968534409223,270238115263029248,280415391162392576,'2019-02-13 19:52:41',NULL),(280425968534409224,270238115263029248,280415513074032640,'2019-02-13 19:52:41',NULL),(280425968534409225,270238115263029248,280414193080426496,'2019-02-13 19:52:41',NULL),(280425968534409226,270238115263029248,280415706800545792,'2019-02-13 19:52:41',NULL),(280425968534409227,270238115263029248,280415865781444608,'2019-02-13 19:52:41',NULL),(280425968534409228,270238115263029248,280414358910623744,'2019-02-13 19:52:41',NULL),(280425968534409229,270238115263029248,280416105636913152,'2019-02-13 19:52:41',NULL),(280425968534409230,270238115263029248,280416309459116032,'2019-02-13 19:52:41',NULL),(280425968534409231,270238115263029248,280416457677430784,'2019-02-13 19:52:41',NULL),(280425968534409232,270238115263029248,270512783886733312,'2019-02-13 19:52:41',NULL),(280425968534409233,270238115263029248,270512875897180160,'2019-02-13 19:52:41',NULL),(280425968534409234,270238115263029248,270513172799377408,'2019-02-13 19:52:41',NULL),(280425968534409235,270238115263029248,280416711575429120,'2019-02-13 19:52:41',NULL),(280425968534409236,270238115263029248,280414715900420096,'2019-02-13 19:52:41',NULL),(280425968534409237,270238115263029248,280418634814808064,'2019-02-13 19:52:41',NULL),(280425968534409238,270238115263029248,280414988169469952,'2019-02-13 19:52:41',NULL),(280425968534409239,270238115263029248,280416864021602304,'2019-02-13 19:52:41',NULL),(280425968534409240,270238115263029248,280417005717774336,'2019-02-13 19:52:41',NULL),(280425968534409241,270238115263029248,280417192272027648,'2019-02-13 19:52:41',NULL),(280425968534409242,270238115263029248,280417365278679040,'2019-02-13 19:52:41',NULL),(280425968534409243,270238115263029248,280417529565372416,'2019-02-13 19:52:41',NULL),(280425968534409244,270238115263029248,280417723514183680,'2019-02-13 19:52:41',NULL),(280425968534409245,270238115263029248,280417864300191744,'2019-02-13 19:52:41',NULL),(280425968534409246,270238115263029248,280418032185597952,'2019-02-13 19:52:41',NULL),(280425968534409247,270238115263029248,280418188305981440,'2019-02-13 19:52:41',NULL),(280425968534409248,270238115263029248,270512948940984320,'2019-02-13 19:52:41',NULL),(280425968534409249,270238115263029248,280423628888641536,'2019-02-13 19:52:41',NULL),(280425968534409250,270238115263029248,280423730554376192,'2019-02-13 19:52:41',NULL),(280425968534409251,270238115263029248,280423812557213696,'2019-02-13 19:52:41',NULL),(280425968534409252,270238115263029248,280423896128720896,'2019-02-13 19:52:41',NULL),(280425968534409253,270238115263029248,280424027922141184,'2019-02-13 19:52:41',NULL),(280425968534409254,270238115263029248,280424131072659456,'2019-02-13 19:52:41',NULL),(280425968534409255,270238115263029248,280424235628269568,'2019-02-13 19:52:41',NULL),(280425968534409256,270238115263029248,280424334290882560,'2019-02-13 19:52:41',NULL),(280425968534409257,270238115263029248,280425432913448960,'2019-02-13 19:52:41',NULL),(280425968534409258,270238115263029248,280425714368024576,'2019-02-13 19:52:41',NULL),(280425968534409259,270238115263029248,270513030553751552,'2019-02-13 19:52:41',NULL),(280425968534409260,270238115263029248,280418863177883648,'2019-02-13 19:52:41',NULL),(280425968534409261,270238115263029248,280418997122981888,'2019-02-13 19:52:41',NULL),(280425968534409262,270238115263029248,280419316200464384,'2019-02-13 19:52:41',NULL),(280425968534409263,270238115263029248,280419440381222912,'2019-02-13 19:52:41',NULL),(280425968534409264,270238115263029248,280419574770917376,'2019-02-13 19:52:41',NULL),(280425968534409265,270238115263029248,280419696154075136,'2019-02-13 19:52:41',NULL),(280425968534409266,270238115263029248,280419854644240384,'2019-02-13 19:52:41',NULL),(280425968534409267,270238115263029248,280419955211067392,'2019-02-13 19:52:41',NULL),(280425968534409268,270238115263029248,280420072085348352,'2019-02-13 19:52:41',NULL),(280425968534409269,270238115263029248,280420180277420032,'2019-02-13 19:52:41',NULL);

/*Table structure for table `url` */

DROP TABLE IF EXISTS `url`;

CREATE TABLE `url` (
  `id` bigint(20) NOT NULL COMMENT '序号，主键',
  `url_name` varchar(50) DEFAULT NULL COMMENT 'URL名称',
  `url` varchar(200) DEFAULT NULL COMMENT 'URL地址',
  `method` varchar(20) DEFAULT NULL COMMENT '请求方法，GET/POST/PUT/DELETE',
  `menu` char(1) DEFAULT NULL COMMENT '是否菜单，0：否，1：是',
  `icon` varchar(100) DEFAULT NULL COMMENT '图标',
  `parent_id` bigint(20) DEFAULT NULL COMMENT '父链接地址ID',
  `status` char(1) DEFAULT NULL COMMENT '是否启用，0：禁用，1：启用',
  `create_date` datetime DEFAULT NULL COMMENT '创建时间',
  `update_date` datetime DEFAULT NULL COMMENT '修改时间',
  `order_num` int(11) DEFAULT NULL COMMENT '排序号',
  `create_user_id` bigint(20) DEFAULT NULL COMMENT '创建用户ID',
  `url_name_english` varchar(100) DEFAULT NULL COMMENT 'URL英文名称',
  PRIMARY KEY (`id`)
) ENGINE=InnoDB DEFAULT CHARSET=utf8 COMMENT='系统URL';

/*Data for the table `url` */

insert  into `url`(`id`,`url_name`,`url`,`method`,`menu`,`icon`,`parent_id`,`status`,`create_date`,`update_date`,`order_num`,`create_user_id`,`url_name_english`) values (270501663004594176,'新增模版页','/template/manager/add','GET','0',NULL,270498930109353984,'1','2019-01-17 10:37:02','2019-01-22 09:35:00',10,270222414519996416,NULL),(270501949425225728,'新增模版引擎页','/engine/manager/add','GET','0',NULL,270501808232370176,'1','2019-01-17 10:38:10','2019-01-22 09:40:29',10,270222414519996416,NULL),(270512704106876928,'项目管理','#','GET','1','fa  fa-product-hunt',NULL,'1','2019-01-17 11:20:54','2019-01-24 11:46:07',50,270222414519996416,'Project'),(270512783886733312,'权限管理','#','GET','1',NULL,NULL,'1','2019-01-17 11:21:13','2019-01-24 11:46:25',60,270222414519996416,'Authorization'),(270512875897180160,'用户管理','/user/manager','GET','1',NULL,270512783886733312,'1','2019-01-17 11:21:35','2019-01-24 11:46:31',10,270222414519996416,'User'),(270512948940984320,'角色管理','/role/manager','GET','1',NULL,270512783886733312,'1','2019-01-17 11:21:52','2019-01-24 11:46:36',20,270222414519996416,'Role'),(270513030553751552,'URL管理','/url/manager','GET','1',NULL,270512783886733312,'1','2019-01-17 11:22:12','2019-01-24 11:46:41',30,270222414519996416,'URL'),(270513172799377408,'新增用户','/user/manager/do-add','POST','0',NULL,270512875897180160,'1','2019-01-17 11:22:46','2019-02-13 19:08:19',10,270222414519996416,'Add User'),(272298075254005760,'新增模版操作','/template/manager/do-add','POST','0',NULL,270498930109353984,'1','2019-01-22 09:35:20','2019-01-22 09:35:20',20,270222414519996416,NULL),(272298197509578752,'修改模版页','/template/manager/update/{id}','GET','0',NULL,270498930109353984,'1','2019-01-22 09:35:49','2019-01-22 09:38:32',30,270222414519996416,NULL),(272298368326803456,'修改模版操作','/template/manager/do-update','PUT','0',NULL,270498930109353984,'1','2019-01-22 09:36:30','2019-01-22 09:36:30',40,270222414519996416,NULL),(272298575919685632,'删除模版操作','/template/manager/delete/{id}','DELETE','0',NULL,270498930109353984,'1','2019-01-22 09:37:19','2019-01-22 09:38:54',50,270222414519996416,NULL),(272298823450730496,'模版详情页','/template/manager/detail/{id}','GET','0',NULL,270498930109353984,'1','2019-01-22 09:38:18','2019-01-22 09:38:18',60,270222414519996416,NULL),(272299128779284480,'上传模版文件','/template/manager/upload','POST','0',NULL,270498930109353984,'1','2019-01-22 09:39:31','2019-01-22 09:39:31',70,270222414519996416,NULL),(272299254029590528,'下载模版文件','/template/manager/download/{id}','GET','0',NULL,270498930109353984,'1','2019-01-22 09:40:01','2019-01-22 09:40:01',80,270222414519996416,NULL),(272299572092051456,'查询模版列表','/template/manager/list','GET','0',NULL,270498930109353984,'1','2019-01-22 09:41:17','2019-01-22 09:41:17',5,270222414519996416,NULL),(272299971972800512,'查询模版引擎列表','/engine/manager/list','GET','0',NULL,270501808232370176,'1','2019-01-22 09:42:52','2019-01-22 09:42:52',5,270222414519996416,NULL),(272300101601959936,'新增模版引擎操作','/engine/manager/do-add','POST','0',NULL,270501808232370176,'1','2019-01-22 09:43:23','2019-01-22 09:43:30',20,270222414519996416,NULL),(272300294242148352,'修改模版引擎页','/engine/manager/update/{id}','GET','0',NULL,270501808232370176,'1','2019-01-22 09:44:09','2019-01-22 09:44:09',30,270222414519996416,NULL),(272300430670274560,'修改模版引擎操作','/engine/manager/do-update','PUT','0',NULL,270501808232370176,'1','2019-01-22 09:44:41','2019-01-22 09:44:41',40,270222414519996416,NULL),(272300590183849984,'删除模版引擎操作','/engine/manager/delete/{id}','DELETE','0',NULL,270501808232370176,'1','2019-01-22 09:45:19','2019-01-22 09:45:19',50,270222414519996416,NULL),(272300705715953664,'模版引擎详情页','/engine/manager/detail/{id}','GET','0',NULL,270501808232370176,'1','2019-01-22 09:45:47','2019-01-22 09:45:47',60,270222414519996416,NULL),(272301555532275712,'代码生成操作','/codegenerate/manager/do-generate','POST','0',NULL,272301254620323840,'1','2019-01-22 09:49:09','2019-01-22 09:49:09',10,270222414519996416,NULL),(272301666387730432,'查询代码生成记录列表','/codegenerate/manager/list','GET','0',NULL,272301393095270400,'1','2019-01-22 09:49:36','2019-01-22 09:49:36',10,270222414519996416,NULL),(272302022467362816,'删除代码生成记录操作','/codegenerate/manager/delete/{id}','DELETE','0',NULL,272301393095270400,'1','2019-01-22 09:51:01','2019-01-22 09:51:01',20,270222414519996416,NULL),(272302183478304768,'下载代码','/codegenerate/manager/download/{id}','GET','0',NULL,272301393095270400,'1','2019-01-22 09:51:39','2019-01-22 09:51:39',30,270222414519996416,NULL),(272312711143796736,'项目管理','/project/manager','GET','1',NULL,270512704106876928,'1','2019-01-22 10:33:29','2019-01-24 11:46:13',10,270222414519996416,'Project'),(273056985409646592,'面板','/','GET','1','fa fa-tachometer',NULL,'1','2019-01-24 11:50:58','2019-01-24 13:29:54',5,270222414519996416,'Dashboard'),(280405710310301696,'后台管理','/admin','GET','0',NULL,NULL,'1','2019-02-13 18:32:11','2019-02-13 18:32:11',6,274230310555623424,'Management'),(280406107393449984,'项目列表查询','/project/manager/list','GET','0',NULL,272312711143796736,'1','2019-02-13 18:33:46','2019-02-13 19:22:19',10,274230310555623424,'Project List'),(280406307939901440,'新增项目','/project/manager/do-add','POST','0',NULL,272312711143796736,'1','2019-02-13 18:34:34','2019-02-13 19:05:04',20,274230310555623424,'Add Project'),(280414193080426496,'更新项目','/project/manager/do-update','PUT','0',NULL,272312711143796736,'1','2019-02-13 19:05:53','2019-02-13 19:05:53',30,274230310555623424,'Update Project'),(280414358910623744,'上传项目图片','/project/manager/upload','POST','0',NULL,272312711143796736,'1','2019-02-13 19:06:33','2019-02-13 19:06:33',40,274230310555623424,'Upload Project Image'),(280414715900420096,'用户列表查询','/user/manager/list','GET','0',NULL,270512875897180160,'1','2019-02-13 19:07:58','2019-02-13 19:23:05',20,274230310555623424,'User List'),(280414988169469952,'更新用户','/user/manager/do-update','PUT','0',NULL,270512875897180160,'1','2019-02-13 19:09:03','2019-02-13 19:09:03',30,274230310555623424,'Update User'),(280415391162392576,'新增项目页面-管理端','/project/manager/add','GET','0',NULL,272312711143796736,'1','2019-02-13 19:10:39','2019-02-13 19:10:39',21,274230310555623424,'Add Project Page'),(280415513074032640,'新增项目页面-用户端','/project/manager/add-open','GET','0',NULL,272312711143796736,'1','2019-02-13 19:11:08','2019-02-13 19:11:08',22,274230310555623424,'Add Project Page'),(280415706800545792,'更新项目页面-管理端','/project/manager/update/{id}','GET','0',NULL,272312711143796736,'1','2019-02-13 19:11:54','2019-02-13 19:11:54',31,274230310555623424,'Update Project Page'),(280415865781444608,'更新项目页面-用户端','/project/manager/update-open/{id}','GET','0',NULL,272312711143796736,'1','2019-02-13 19:12:32','2019-02-13 19:12:32',32,274230310555623424,'Update Project Page'),(280416105636913152,'删除项目','/project/manager/delete/{id}','DELETE','0',NULL,272312711143796736,'1','2019-02-13 19:13:29','2019-02-13 19:13:29',50,274230310555623424,'Delete Project'),(280416309459116032,'项目详情页面-管理端','/project/manager/detail/{id}','GET','0',NULL,272312711143796736,'1','2019-02-13 19:14:18','2019-02-13 19:14:18',70,274230310555623424,'Project Detail Page'),(280416457677430784,'项目详情页面-用户端','/project/manager/detail-open/{id}','GET','0',NULL,272312711143796736,'1','2019-02-13 19:14:53','2019-02-13 19:14:53',80,274230310555623424,'Project Detail Page'),(280416711575429120,'新增用户页面','/user/manager/add','GET','0',NULL,270512875897180160,'1','2019-02-13 19:15:54','2019-02-13 19:15:54',11,274230310555623424,'Add User Page'),(280416864021602304,'更新用户页面-管理端','/user/manager/update/{id}','GET','0',NULL,270512875897180160,'1','2019-02-13 19:16:30','2019-02-13 19:16:30',31,274230310555623424,'Update User Page'),(280417005717774336,'更新用户页面-用户端','/user/manager/update-open/{id}','GET','0',NULL,270512875897180160,'1','2019-02-13 19:17:04','2019-02-13 19:17:04',32,274230310555623424,'Update User Page'),(280417192272027648,'更新密码页面','/user/manager/update-password','GET','0',NULL,270512875897180160,'1','2019-02-13 19:17:49','2019-02-13 19:17:49',40,274230310555623424,'Update Password Page'),(280417365278679040,'更新密码','/user/manager/do-update-password','PUT','0',NULL,270512875897180160,'1','2019-02-13 19:18:30','2019-02-13 19:18:30',41,274230310555623424,'Update Password'),(280417529565372416,'重置密码','/user/manager/reset-password/{id}','PUT','0',NULL,270512875897180160,'1','2019-02-13 19:19:09','2019-02-13 19:19:09',50,274230310555623424,'Reset Password'),(280417723514183680,'删除用户','/user/manager/delete/{id}','DELETE','0',NULL,270512875897180160,'1','2019-02-13 19:19:55','2019-02-13 19:19:55',60,274230310555623424,'Delete User'),(280417864300191744,'用户详情页面','/user/manager/detail/{id}','GET','0',NULL,270512875897180160,'1','2019-02-13 19:20:29','2019-02-13 19:20:29',70,274230310555623424,'User Detail Page'),(280418032185597952,'上传用户头像','/user/manager/upload','POST','0',NULL,270512875897180160,'1','2019-02-13 19:21:09','2019-02-13 19:21:09',80,274230310555623424,'Upload User Image'),(280418188305981440,'下载用户头像','/user/manager/download/{id}','GET','0',NULL,270512875897180160,'1','2019-02-13 19:21:46','2019-02-13 19:21:46',90,274230310555623424,'Download User Image'),(280418469164965888,'项目列表','/project/manager','GET','0',NULL,272312711143796736,'1','2019-02-13 19:22:53','2019-02-13 19:22:53',5,274230310555623424,'Project List'),(280418634814808064,'用户列表','/user/manager','GET','0',NULL,270512875897180160,'1','2019-02-13 19:23:32','2019-02-13 19:23:32',21,274230310555623424,'User List'),(280418863177883648,'URL列表','/url/manager','GET','0',NULL,270513030553751552,'1','2019-02-13 19:24:27','2019-02-13 19:24:27',10,274230310555623424,'URL List'),(280418997122981888,'URL选择页面','/url/manager/treeselect','GET','0',NULL,270513030553751552,'1','2019-02-13 19:24:59','2019-02-13 19:25:44',20,274230310555623424,'URL Select Page'),(280419316200464384,'URL查询','/url/manager/list','GET','0',NULL,270513030553751552,'1','2019-02-13 19:26:15','2019-02-13 19:26:15',30,274230310555623424,'URL Query'),(280419440381222912,'所有URL查询','/url/manager/list-all','GET','0',NULL,270513030553751552,'1','2019-02-13 19:26:45','2019-02-13 19:26:45',40,274230310555623424,'All URL Query'),(280419574770917376,'新增URL页面','/url/manager/add','GET','0',NULL,270513030553751552,'1','2019-02-13 19:27:17','2019-02-13 19:27:17',50,274230310555623424,'Add URL Page'),(280419696154075136,'新增URL','/url/manager/do-add','POST','0',NULL,270513030553751552,'1','2019-02-13 19:27:46','2019-02-13 19:27:46',60,274230310555623424,'Add URL'),(280419854644240384,'更新URL页面','/url/manager/update/{id}','GET','0',NULL,270513030553751552,'1','2019-02-13 19:28:23','2019-02-13 19:28:23',70,274230310555623424,'Update URL Page'),(280419955211067392,'更新URL','/url/manager/do-update','PUT','0',NULL,270513030553751552,'1','2019-02-13 19:28:47','2019-02-13 19:28:47',80,274230310555623424,'Update URL'),(280420072085348352,'删除URL','/url/manager/delete/{id}','DELETE','0',NULL,270513030553751552,'1','2019-02-13 19:29:15','2019-02-13 19:29:15',90,274230310555623424,'Delete URL'),(280420180277420032,'URL详情','/url/manager/detail/{id}','GET','0',NULL,270513030553751552,'1','2019-02-13 19:29:41','2019-02-13 19:29:41',100,274230310555623424,'URL Detail'),(280423628888641536,'角色选择','/role/manager/listselect','GET','0',NULL,270512948940984320,'1','2019-02-13 19:43:23','2019-02-13 19:43:23',10,274230310555623424,'Role Select'),(280423730554376192,'角色查询','/role/manager/list','GET','0',NULL,270512948940984320,'1','2019-02-13 19:43:47','2019-02-13 19:43:47',20,274230310555623424,'Role Query'),(280423812557213696,'新增角色页面','/role/manager/add','GET','0',NULL,270512948940984320,'1','2019-02-13 19:44:07','2019-02-13 19:44:07',30,274230310555623424,'Add Role Page'),(280423896128720896,'新增角色','/role/manager/do-add','POST','0',NULL,270512948940984320,'1','2019-02-13 19:44:27','2019-02-13 19:44:27',40,274230310555623424,'Add Role'),(280424027922141184,'更新角色页面','/role/manager/update/{id}','GET','0',NULL,270512948940984320,'1','2019-02-13 19:44:58','2019-02-13 19:44:58',50,274230310555623424,'Update Role Page'),(280424131072659456,'更新角色·','/role/manager/do-update','PUT','0',NULL,270512948940984320,'1','2019-02-13 19:45:23','2019-02-13 19:45:23',60,274230310555623424,'Update Role'),(280424235628269568,'删除角色','/role/manager/delete/{id}','DELETE','0',NULL,270512948940984320,'1','2019-02-13 19:45:48','2019-02-13 19:45:48',70,274230310555623424,'Delete Role'),(280424334290882560,'角色详情','/role/manager/detail/{id}','GET','0',NULL,270512948940984320,'1','2019-02-13 19:46:11','2019-02-13 19:46:11',80,274230310555623424,'Role Detail'),(280425432913448960,'角色URL查询','/roleurl/manager/list/{roleId}','GET','0',NULL,270512948940984320,'1','2019-02-13 19:50:33','2019-02-13 19:50:33',100,274230310555623424,'Role URL Query'),(280425714368024576,'保存角色URL','/roleurl/manager/do-save','POST','0',NULL,270512948940984320,'1','2019-02-13 19:51:40','2019-02-13 19:51:40',110,274230310555623424,'Save Role URL');

/*Table structure for table `user` */

DROP TABLE IF EXISTS `user`;

CREATE TABLE `user` (
  `id` bigint(20) NOT NULL COMMENT '序号，主键',
  `user_name` varchar(50) DEFAULT NULL COMMENT '用户名',
  `email` varchar(100) DEFAULT NULL COMMENT '注册邮箱',
  `password` varchar(50) DEFAULT NULL COMMENT '密码',
  `head_photo` varchar(200) DEFAULT NULL COMMENT '用户头像路径',
  `create_date` datetime DEFAULT NULL COMMENT '创建时间',
  `update_date` datetime DEFAULT NULL COMMENT '修改时间',
  `status` char(1) DEFAULT NULL COMMENT '状态，0：禁用，1：启用',
  PRIMARY KEY (`id`)
) ENGINE=InnoDB DEFAULT CHARSET=utf8 COMMENT='用户';

/*Data for the table `user` */

insert  into `user`(`id`,`user_name`,`email`,`password`,`head_photo`,`create_date`,`update_date`,`status`) values (274227531636285440,'多对多智慧家庭','992425124@qq.com','c4e80b7fb4a5690d6dd16fdc09ce482c','20190214/28064215453883187220190214101143721.png','2019-01-27 17:22:18','2019-02-14 10:11:44','1'),(274230310555623424,'管理员','smallprogram@programerspace.com','e10adc3949ba59abbe56e057f20f883e','20190213/28042859281401856020190213200306638.png','2019-01-27 17:33:21','2019-02-13 20:03:07','1');

/*Table structure for table `user_role` */

DROP TABLE IF EXISTS `user_role`;

CREATE TABLE `user_role` (
  `id` bigint(20) NOT NULL COMMENT '序号，主键',
  `user_id` bigint(20) DEFAULT NULL COMMENT '用户ID',
  `role_id` bigint(20) DEFAULT NULL COMMENT '角色ID',
  `create_date` datetime DEFAULT NULL COMMENT '创建时间',
  `create_user_id` bigint(20) DEFAULT NULL COMMENT '创建用户ID',
  PRIMARY KEY (`id`)
) ENGINE=InnoDB DEFAULT CHARSET=utf8 COMMENT='用户角色';

/*Data for the table `user_role` */

insert  into `user_role`(`id`,`user_id`,`role_id`,`create_date`,`create_user_id`) values (272760537551917056,272760496451932160,270240164440580096,'2019-01-23 16:12:59',270222414519996416),(272760554337521664,272760432455241728,270240164440580096,'2019-01-23 16:13:03',270222414519996416),(272760585337622528,270222414519996416,270238115263029248,'2019-01-23 16:13:11',270222414519996416),(272760602723012608,270231924226977792,270240164440580096,'2019-01-23 16:13:15',270222414519996416),(272760962946617344,270231848523984896,270240043166474240,'2019-01-23 16:14:41',270222414519996416),(272760962946617345,270231848523984896,270240164440580096,'2019-01-23 16:14:41',270222414519996416),(274227533037182976,274227531636285440,270240164440580096,'2019-01-27 17:22:19',274227531636285440),(274230335704670208,274230310555623424,270238115263029248,'2019-01-27 17:33:27',274227531636285440);

/*!40101 SET SQL_MODE=@OLD_SQL_MODE */;
/*!40014 SET FOREIGN_KEY_CHECKS=@OLD_FOREIGN_KEY_CHECKS */;
/*!40014 SET UNIQUE_CHECKS=@OLD_UNIQUE_CHECKS */;
/*!40111 SET SQL_NOTES=@OLD_SQL_NOTES */;
